{"cameraMode":{"drawMode":0,"name":"Shaded","section":"Shading Mode"},"sceneLighting":false,"audioPlay":false,"sceneViewState":{"m_AlwaysRefresh":false,"showFog":true,"showSkybox":false,"showFlares":true,"showImageEffects":true,"showParticleSystems":true,"showVisualEffectGraphs":true,"m_FxEnabled":true},"in2DMode":false,"pivot":{"x":13.170000076293946,"y":0.9549503326416016,"z":1.1920928955078126e-7},"rotation":{"x":0.059760741889476779,"y":0.08225852251052857,"z":-0.0049409400671720509,"w":0.9948086738586426},"size":1.8537828922271729,"orthographic":false}