{"cameraMode":{"drawMode":0,"name":"Shaded","section":"Shading Mode"},"sceneLighting":true,"audioPlay":false,"sceneViewState":{"m_AlwaysRefresh":false,"showFog":true,"showSkybox":true,"showFlares":true,"showImageEffects":true,"showParticleSystems":true,"showVisualEffectGraphs":true,"m_FxEnabled":true},"in2DMode":false,"pivot":{"x":-17.400327682495118,"y":-15.007765769958496,"z":115.98226928710938},"rotation":{"x":0.07155414670705795,"y":-0.10304869711399079,"z":0.007429392542690039,"w":0.9920775294303894},"size":68.80111694335938,"orthographic":false}